timestamp,open,high,low,close,volume
2025-04-15,263.8000,284.9900,214.2500,254.1100,1741569241
2025-03-31,300.3400,303.9400,217.0200,259.1600,2717543089
2025-02-28,386.6800,394.0000,273.6000,292.9800,1582390013
2025-01-31,390.1000,439.7400,373.0400,404.6000,1510656740
2024-12-31,352.3800,488.5399,348.2000,403.8400,1903650512
2024-11-29,252.0430,361.9300,238.8800,345.1600,2091913770
2024-10-31,262.6700,273.5360,212.1100,249.8500,1910960826
2024-09-30,215.2600,264.8600,209.6400,261.6300,1611006644
2024-08-30,227.6900,231.8670,182.0000,214.1100,1618373088
2024-07-31,201.0200,271.0000,200.8500,232.0700,2946645956
2024-06-28,178.1300,203.2000,167.4100,197.8800,1407037303
2024-05-31,182.0000,187.5600,167.7500,178.0800,1668285761
2024-04-30,176.1700,198.8700,138.8025,183.2800,2469782990
2024-03-28,200.5200,204.5200,160.5100,175.7900,1896180214
2024-02-29,188.5000,205.6000,175.0100,201.8800,2020188307
2024-01-31,250.0800,251.2500,180.0600,187.2900,2333525855
2023-12-29,233.1400,265.1300,228.2000,248.4800,2293889902
2023-11-30,204.0400,252.7500,197.8500,240.0800,2652010569
2023-10-31,244.8100,268.9400,194.0700,200.8400,2591243998
2023-09-29,257.2600,278.9800,234.5800,250.2200,2440633653
2023-08-31,266.2600,266.4700,212.3600,258.0800,2503253508
2023-07-31,276.4900,299.2900,254.1200,267.4300,2394275082
2023-06-30,202.5900,276.9900,199.3700,261.7700,3443091887
2023-05-31,163.1700,204.4800,158.8300,203.9300,2681250964
2023-04-28,199.9100,202.6897,152.3700,164.3100,2503574179
2023-03-31,206.2100,207.7900,163.9100,207.4600,3312555115
2023-02-28,173.8900,217.6500,169.9300,205.7100,3625947459
2023-01-31,118.4700,180.6800,101.8100,173.2200,3897499392
2022-12-30,197.0800,198.9200,108.2400,123.1800,2944247785
2022-11-30,234.0500,237.3951,166.1850,194.7000,1885408367
2022-10-31,254.5000,257.5000,198.5863,227.5400,1735577735
2022-09-30,272.5750,313.8000,262.4700,265.2500,1298711227
2022-08-31,903.8250,944.0000,271.8100,275.6100,734431591
2022-07-29,681.0000,894.9600,648.5001,891.4500,581783311
2022-06-30,755.1600,792.6300,626.0800,673.4200,670825779
2022-05-31,860.7700,955.5000,620.5700,758.2600,649232242
2022-04-29,1081.1500,1152.8700,821.7000,870.7600,503896960
2022-03-31,869.6800,1114.7700,756.0400,1077.6000,575182495
2022-02-28,935.2100,947.7700,700.0000,870.4300,463455422
2022-01-31,1147.7500,1208.0000,792.0100,936.7200,638395647
2021-12-31,1160.6950,1172.8399,886.1200,1056.7800,510209746
2021-11-30,1145.0000,1243.4900,978.6000,1144.7600,646639435
2021-10-29,778.4000,1115.2100,763.5900,1114.0000,528934537
2021-09-30,734.0800,799.0000,708.8500,775.4800,390215611
2021-08-31,700.0000,740.3900,648.8400,735.7200,381913604
2021-07-30,683.9200,700.0000,620.4600,687.2000,447786560
2021-06-30,627.8000,697.6200,571.2200,679.7000,519623430
2021-05-28,703.8000,706.0000,546.9800,625.2200,625175872
2021-04-30,688.3700,780.7900,659.4200,709.4400,678583808
2021-03-31,690.1100,721.1100,539.4900,667.9300,941564582
2021-02-26,814.2900,880.5000,619.0000,675.5000,518874413
2021-01-29,719.4600,900.4000,717.1895,793.5300,705739179
2020-12-31,597.5900,718.7200,541.2100,705.6700,1194948499
2020-11-30,394.0000,607.8000,392.3000,567.6000,781153824
2020-10-30,440.7600,465.9000,379.1100,388.0400,833908217
2020-09-30,502.1400,502.4900,329.8800,429.0100,1736952445
2020-08-31,1449.2000,2318.4900,440.1100,498.3200,403528354
2020-07-31,1083.0000,1794.9900,1080.5000,1430.7600,378234408
2020-06-30,858.0000,1087.6900,854.1000,1079.8100,255918459
2020-05-29,755.0000,843.2900,683.0400,835.0000,272775593
2020-04-30,504.0000,869.8200,446.4000,781.8800,381562411
2020-03-31,711.2600,806.9800,350.5100,524.0000,420906139
2020-02-28,673.6900,968.9900,611.5200,667.9900,473506012
2020-01-31,424.5000,653.0000,421.7100,650.5700,407621638
2019-12-31,329.4000,435.3100,327.2500,418.3300,207390450
2019-11-29,316.3200,361.2000,309.2600,329.9400,157892383
2019-10-31,241.5000,340.8400,224.2800,314.9200,234866048
2019-09-30,224.0800,253.5000,218.3600,240.8700,136563111
2019-08-30,242.6500,244.5100,211.0000,225.6100,134088212
2019-07-31,230.2100,266.0700,222.2200,241.6100,199371373
2019-06-28,185.5100,234.7400,176.9900,223.4600,214970558
2019-05-31,238.8500,258.3500,184.1000,185.1600,282598837
2019-04-30,282.6200,296.1700,231.1300,238.6900,230757873
2019-03-29,306.9400,307.1300,254.4600,279.8600,213793753
2019-02-28,305.4200,324.2400,288.7700,319.8800,128550254
2019-01-31,306.1000,352.0000,279.2800,307.0200,175660650
2018-12-31,360.0000,379.4900,294.0900,332.8000,146451183
2018-11-30,338.2600,366.7500,325.0000,350.4800,133019067
2018-10-31,305.7700,347.1600,247.7700,337.3200,286360727
2018-09-28,296.9400,314.9600,252.2500,264.7700,196075479
2018-08-31,297.9900,387.4600,288.2000,301.6600,277360157
2018-07-31,360.0700,364.7800,286.1300,298.1400,172357228
2018-06-29,285.8600,373.7300,283.8400,342.9500,213424960
2018-05-31,293.5100,312.9900,273.4200,284.7300,155577968
2018-04-30,256.2600,309.5000,244.5900,293.9000,190345295
2018-03-29,345.0100,348.6700,248.2100,266.1300,156356878
2018-02-28,351.0000,359.9900,294.7600,343.0600,106577192
2018-01-31,312.0000,360.5000,305.6800,354.3100,122930471
2017-12-29,305.4400,347.4400,300.0000,311.3500,109078772
2017-11-30,332.2500,332.6089,292.6300,308.8500,146728325
2017-10-31,342.5200,363.0000,316.6600,331.5300,121524280
2017-09-29,356.1200,389.6100,335.4000,341.1000,110620352
2017-08-31,323.0000,370.0000,311.2200,355.9000,132609393
2017-07-31,370.2400,371.3500,303.1300,323.4700,180152458
2017-06-30,344.0000,386.9900,334.2100,361.6100,183792656
2017-05-31,314.8800,342.8900,290.7601,341.0100,145440756
2017-04-28,286.9000,314.8000,284.5800,314.0700,116249563
2017-03-31,254.1800,282.0000,242.7810,278.3000,107048530
2017-02-28,253.0500,287.3900,242.0100,249.9900,119540302
2017-01-31,214.8600,258.4600,210.9600,251.9300,100683220
2016-12-30,188.2500,223.8000,180.0000,213.6900,87993345
2016-11-30,198.0400,199.3500,178.1900,189.4000,98886097
2016-10-31,212.3000,215.6688,192.0000,197.7300,92133590
2016-09-30,209.0100,211.0999,193.4500,204.0300,70644512
2016-08-31,235.5000,236.6300,208.6500,212.0100,62291339
2016-07-29,206.1400,235.2800,206.0000,234.7900,74068654
2016-06-30,221.4800,240.8450,187.8700,212.2800,121687759
2016-05-31,241.5000,243.1900,203.6572,223.2300,103313344
2016-04-29,244.8250,269.3400,233.2500,240.7600,135507264
2016-03-31,194.2500,239.8800,181.5000,229.7700,102729544
2016-02-29,188.7600,199.5200,141.0500,191.9300,133705697
2016-01-29,230.7200,231.3800,182.4100,191.2000,79247152
2015-12-31,231.0600,243.6340,214.8700,240.0100,59852189
2015-11-30,208.9200,234.5843,205.8000,230.2600,78487987
2015-10-30,247.5100,249.8400,202.0000,206.9300,100854710
2015-09-30,240.3400,271.5700,236.9700,248.4000,80218666
2015-08-31,266.2900,271.0000,195.0000,249.0600,113858937
2015-07-31,271.1100,286.6500,250.7900,266.1500,80060910
2015-06-30,251.4100,271.4100,245.6800,268.2600,65473162
2015-05-29,229.9400,252.8677,220.2500,250.8000,89127783
2015-04-30,188.7000,238.7500,186.0500,226.0500,98945034
2015-03-31,202.7000,206.1900,181.4000,188.7700,122990032
2015-02-27,203.9700,225.4800,193.2800,203.3400,106717638
2015-01-30,222.8700,223.2500,185.0000,203.6000,90121332
2014-12-31,241.1600,242.4700,192.6500,222.4100,127100337
2014-11-28,243.0000,259.9900,228.5000,244.5200,107731050
2014-10-31,242.2000,265.5400,217.3200,241.7000,152148180
2014-09-30,275.5000,291.4200,240.1249,242.6800,132773043
2014-08-29,226.0900,272.0000,226.0000,269.7000,114710400
2014-07-31,242.4600,243.4400,213.6000,223.3000,107871700
2014-06-30,207.3300,244.4900,199.2510,240.0600,123238200
2014-05-30,207.0800,218.6596,177.2200,207.7700,134810100
2014-04-30,209.0200,235.7300,184.3200,207.8900,165207800
2014-03-31,237.2600,260.0000,203.0000,208.4500,166685600
2014-02-28,182.8900,265.0000,169.3600,244.8100,225954100
2014-01-31,149.8000,186.0000,136.6710,181.4100,183932300
2013-12-31,126.3500,158.0000,123.9310,150.4290,197637900
2013-11-29,163.0000,181.4300,116.1000,127.2800,308388500
2013-10-31,193.9600,194.2300,153.0000,159.9400,258454800
2013-09-30,173.4000,194.5000,158.5100,193.3700,171210600
2013-08-30,135.0000,173.0000,132.3600,169.0000,259266600
2013-07-31,109.3600,137.4900,104.5000,134.2800,229528200
2013-06-28,97.6200,110.2500,88.2500,107.3600,179114700
2013-05-31,55.9900,114.9000,53.0000,97.7600,331220900
2013-04-30,42.3600,58.1800,40.2105,53.9900,81548100
2013-03-28,35.0000,39.4900,34.2500,37.8900,29655000
2013-02-28,38.1700,40.0000,33.8000,34.8300,44256000
2013-01-31,35.0000,38.7100,32.1100,37.5100,28464600
2012-12-31,33.8900,35.8000,32.7500,33.8700,21714300
2012-11-30,28.2500,34.2900,28.2000,33.8200,23760900
2012-10-31,29.5000,30.1000,26.8600,28.1314,17620900
2012-09-28,28.5200,32.7800,27.2950,29.2800,33295100
2012-08-31,27.9900,31.3000,25.5200,28.5200,24482100
2012-07-31,31.3500,36.0000,27.2100,27.4200,32543400
2012-06-29,28.5300,34.5000,27.1100,31.2900,26127100
2012-05-31,33.1300,34.6800,26.8300,29.5000,34185300
2012-04-30,37.3300,38.4696,31.0000,33.1300,22752900
2012-03-30,33.5100,39.9500,32.6200,37.2400,22163500
2012-02-29,29.0700,34.9700,29.0000,33.4100,23193600
2012-01-31,28.9400,30.0000,22.6400,29.0700,25609900
2011-12-30,32.5700,35.0000,26.0300,28.5600,21128500
2011-11-30,28.3900,35.0000,28.0000,32.7400,25846800
2011-10-31,24.9500,30.0000,22.9300,29.3700,21662600
2011-09-30,24.6600,26.9900,22.2900,24.3900,18021500
2011-08-31,28.6700,29.2000,21.5000,24.7400,27215700
2011-07-29,29.0700,30.4400,26.6300,28.1700,21102100
2011-06-30,30.0000,31.5000,25.5000,29.1300,39727300
2011-05-31,27.6000,30.2800,25.5200,30.1400,30348800
2011-04-29,27.4500,28.1800,24.2000,27.6000,29894900
2011-03-31,24.0500,28.7100,21.7700,27.7500,32563300
2011-02-28,24.3100,25.4900,21.1100,23.8900,29303500
2011-01-31,26.8400,28.7100,22.3700,24.1000,28420100
2010-12-31,35.8700,36.4200,25.0000,26.6300,36892900
2010-11-30,21.9400,36.0000,21.0500,35.3300,28315100
2010-10-29,20.6900,21.8700,20.0000,21.8400,6547800
2010-09-30,19.6200,23.1600,19.5000,20.4050,18045900
2010-08-31,20.5000,22.1800,17.3900,19.4800,15038200
2010-07-30,25.0000,25.9200,14.9800,19.9400,64575800
